"DESCRIPTION","DURATION IN MS","NAME","PARENT SUITE","START TIME","STATUS","STOP TIME","SUB SUITE","SUITE","TEST CLASS","TEST METHOD"
"","7869","userCannotDepositIncorrectAmountOfFunds(double, String) [1] -0.01, Deposit amount must be at least 0.01","","2026-09-28","passed","2026-09-28","","api.DepositingFundsApiTests","api.DepositingFundsApiTests","userCannotDepositIncorrectAmountOfFunds"
"","5311","userCannotDepositIncorrectAmountOfFunds(double, String) [4] 5000.01, Deposit amount cannot exceed 5000","","2026-09-28","passed","2026-09-28","","api.DepositingFundsApiTests","api.DepositingFundsApiTests","userCannotDepositIncorrectAmountOfFunds"
"","10605","userCanTransferFundsToAnotherUser()","","2026-09-28","passed","2026-09-28","","api.TransferringFundsApiTests","api.TransferringFundsApiTests","userCanTransferFundsToAnotherUser"
"","6032","userCanTransferFundsToThemselves(double) [3] 10000.0","","2026-09-28","passed","2026-09-28","","api.TransferringFundsApiTests","api.TransferringFundsApiTests","userCanTransferFundsToThemselves"
"","3812","userCannotTransferFundsToNonExistentAccount()","","2026-09-28","passed","2026-09-28","","api.TransferringFundsApiTests","api.TransferringFundsApiTests","userCannotTransferFundsToNonExistentAccount"
"","2481","userCanRenameThemselves()","","2026-09-28","passed","2026-09-28","","api.ChangingTheNameApiTests","api.ChangingTheNameApiTests","userCanRenameThemselves"
"","6705","userCannotDepositIncorrectAmountOfFunds(double, String) [2] 0, Deposit amount must be at least 0.01","","2026-09-28","passed","2026-09-28","","api.DepositingFundsApiTests","api.DepositingFundsApiTests","userCannotDepositIncorrectAmountOfFunds"
"","5654","userCannotRenameThemselvesUsingIncorrectName(String) [6] John Smith?","","2026-09-28","passed","2026-09-28","","api.ChangingTheNameApiTests","api.ChangingTheNameApiTests","userCannotRenameThemselvesUsingIncorrectName"
"","4422","userCannotRenameThemselvesUsingIncorrectName(String) [2] a","","2026-09-28","passed","2026-09-28","","api.ChangingTheNameApiTests","api.ChangingTheNameApiTests","userCannotRenameThemselvesUsingIncorrectName"
"","3057","userCannotRenameThemselvesUsingIncorrectName(String) [3] ","","2026-09-28","passed","2026-09-28","","api.ChangingTheNameApiTests","api.ChangingTheNameApiTests","userCannotRenameThemselvesUsingIncorrectName"
"","4179","userCannotDepositFundsToNonExistentAccount()","","2026-09-28","passed","2026-09-28","","api.DepositingFundsApiTests","api.DepositingFundsApiTests","userCannotDepositFundsToNonExistentAccount"
"","3410","userCannotRenameThemselvesUsingIncorrectName(String) [4]  ","","2026-09-28","passed","2026-09-28","","api.ChangingTheNameApiTests","api.ChangingTheNameApiTests","userCannotRenameThemselvesUsingIncorrectName"
"","3558","userCannotTransferIncorrectAmountOfFunds(double, String) [4] 10000.01, Transfer amount cannot exceed 10000","","2026-09-28","passed","2026-09-28","","api.TransferringFundsApiTests","api.TransferringFundsApiTests","userCannotTransferIncorrectAmountOfFunds"
"","6583","userCanDepositFunds(double) [3] 5000.0","","2026-09-28","passed","2026-09-28","","api.DepositingFundsApiTests","api.DepositingFundsApiTests","userCanDepositFunds"
"","17965","userCannotTransferFundsToNonExistentAccount()","","2026-09-28","passed","2026-09-28","","ui.TransferringFundsTests","ui.TransferringFundsTests","userCannotTransferFundsToNonExistentAccount"
"","6695","userCannotDepositIncorrectAmountOfFunds(double, String) [3] 0.001, Deposit amount must be at least 0.01","","2026-09-28","passed","2026-09-28","","api.DepositingFundsApiTests","api.DepositingFundsApiTests","userCannotDepositIncorrectAmountOfFunds"
"","13691","userCanDepositFunds()","","2026-09-28","passed","2026-09-28","","ui.DepositingFundsTests","ui.DepositingFundsTests","userCanDepositFunds"
"","8726","userCanTransferFundsToThemselves(double) [1] 0.01","","2026-09-28","passed","2026-09-28","","api.TransferringFundsApiTests","api.TransferringFundsApiTests","userCanTransferFundsToThemselves"
"","4118","userCannotTransferIncorrectAmountOfFunds(double, String) [1] -0.01, Transfer amount must be at least 0.01","","2026-09-28","passed","2026-09-28","","api.TransferringFundsApiTests","api.TransferringFundsApiTests","userCannotTransferIncorrectAmountOfFunds"
"","15903","userCanTransferFunds()","","2026-09-28","passed","2026-09-28","","ui.TransferringFundsTests","ui.TransferringFundsTests","userCanTransferFunds"
"","6234","userCanRenameThemselves()","","2026-09-28","failed","2026-09-28","","ui.ChangingTheNameTests","ui.ChangingTheNameTests","userCanRenameThemselves"
"","3698","userCannotTransferIncorrectAmountOfFunds(double, String) [2] 0, Transfer amount must be at least 0.01","","2026-09-28","passed","2026-09-28","","api.TransferringFundsApiTests","api.TransferringFundsApiTests","userCannotTransferIncorrectAmountOfFunds"
"","2790","userCannotRenameThemselvesUsingIncorrectName(String) [1] JohnSmith","","2026-09-28","passed","2026-09-28","","api.ChangingTheNameApiTests","api.ChangingTheNameApiTests","userCannotRenameThemselvesUsingIncorrectName"
"","9531","userCanTransferFundsToThemselves(double) [2] 9999.99","","2026-09-28","passed","2026-09-28","","api.TransferringFundsApiTests","api.TransferringFundsApiTests","userCanTransferFundsToThemselves"
"","2315","userCannotRenameThemselvesUsingIncorrectName(String) [5] John Smith2","","2026-09-28","passed","2026-09-28","","api.ChangingTheNameApiTests","api.ChangingTheNameApiTests","userCannotRenameThemselvesUsingIncorrectName"
"","7767","userCanDepositFunds(double) [2] 4999.99","","2026-09-28","passed","2026-09-28","","api.DepositingFundsApiTests","api.DepositingFundsApiTests","userCanDepositFunds"
"","8069","userCannotTransferFundsIfBalanceIsInsufficient()","","2026-09-28","passed","2026-09-28","","api.TransferringFundsApiTests","api.TransferringFundsApiTests","userCannotTransferFundsIfBalanceIsInsufficient"
"","6708","userCannotTransferFundsUsingIncorrectAmountOfTransfer()","","2026-09-28","passed","2026-09-28","","ui.TransferringFundsTests","ui.TransferringFundsTests","userCannotTransferFundsUsingIncorrectAmountOfTransfer"
"","4526","userCanDepositFunds(double) [1] 0.01","","2026-09-28","passed","2026-09-28","","api.DepositingFundsApiTests","api.DepositingFundsApiTests","userCanDepositFunds"
"","3422","userCannotRenameThemselvesUsingNullName()","","2026-09-28","passed","2026-09-28","","api.ChangingTheNameApiTests","api.ChangingTheNameApiTests","userCannotRenameThemselvesUsingNullName"
"","10725","userCannotDepositFundsUsingIncorrectAmountOfFunds()","","2026-09-28","passed","2026-09-28","","ui.DepositingFundsTests","ui.DepositingFundsTests","userCannotDepositFundsUsingIncorrectAmountOfFunds"
"","3474","userCannotTransferIncorrectAmountOfFunds(double, String) [3] 0.001, Transfer amount must be at least 0.01","","2026-09-28","passed","2026-09-28","","api.TransferringFundsApiTests","api.TransferringFundsApiTests","userCannotTransferIncorrectAmountOfFunds"
"","6435","userCannotDepositFundsToUnfamiliarAccount()","","2026-09-28","passed","2026-09-28","","api.DepositingFundsApiTests","api.DepositingFundsApiTests","userCannotDepositFundsToUnfamiliarAccount"
"","12595","userCannotRenameThemselvesUsingIncorrectName()","","2026-09-28","passed","2026-09-28","","ui.ChangingTheNameTests","ui.ChangingTheNameTests","userCannotRenameThemselvesUsingIncorrectName"
